Model,Architecture,Pixel Shaders,Vertex Shaders,Core speed,Boost / Turbo,Memory Speed,Memory Bus,Memory Type
,,,,,,,,
NVIDIA GeForce RTX 3080 Mobile,Ampere,5888,,,,,256,GDDR6
NVIDIA Quadro RTX 6000 (Laptop),Turing,4608,,,,14000,384,GDDR6
NVIDIA GeForce RTX 3070 Mobile,Ampere,0,,,,,256,GDDR6
NVIDIA GeForce RTX 2080 Super Mobile,Turing,3072,,1365,1560,14000,256,GDDR6
NVIDIA GeForce RTX 2080 Mobile,Turing,2944,,1380,1590,14000,256,GDDR6
NVIDIA GeForce GTX 1080 SLI (Laptop),Pascal,5120,,1556,1733,10000,256,GDDR5
NVIDIA GeForce GTX 1070 SLI (Laptop),Pascal,4096,,1443,1645,8000,256,GDDR5
NVIDIA Quadro RTX 5000 (Laptop),Turing,3072,,1035 / 1350,1545 / 1770,14000,256,GDDR6
NVIDIA GeForce RTX 3060 Mobile,Ampere,0,,,,,256,GDDR6
NVIDIA GeForce RTX 2070 Super Mobile,Turing,2560,,1140,1380,14002,256,GDDR6
NVIDIA GeForce RTX 2080 Super Max-Q,Turing,3072,,975,1230,11000,256,GDDR6
NVIDIA Quadro RTX 5000 Max-Q,Turing,3072,,600 - 930,1350 - 1455,14000,256,GDDR6
NVIDIA GeForce RTX 2080 Max-Q,Turing,2944,,735-990,1095-1230,12000,256,GDDR6
NVIDIA GeForce RTX 2070 Mobile,Turing,2304,,1215,1440,14000,256,GDDR6
NVIDIA GeForce GTX 1080 Mobile,Pascal,2560,,1566,1733,10000,256,GDDR5X
NVIDIA Quadro RTX 4000 (Laptop),Turing,2560,,1110,1560,14000,256,GDDR6
NVIDIA GeForce RTX 2070 Super Max-Q,Turing,2560,,930,1155,11000,256,GDDR6
NVIDIA Quadro RTX 4000 Max-Q,Turing,2560,,780 - 960,1380 - 1485,14000,256,GDDR6
NVIDIA GeForce RTX 2070 Max-Q,Turing,2304,,885-1080,1185-1305,12000,256,GDDR6
NVIDIA GeForce GTX 980 SLI (Laptop),Maxwell,4096,,1126,1228,3500,256,GDDR5
NVIDIA Quadro P5200,Pascal,2560,,1316,1569,7216,256,GDDR5
NVIDIA Quadro RTX 3000 (Laptop),Turing,1920,,945,1380,14000,192,GDDR6
NVIDIA GeForce RTX 2060 Mobile,Turing,1920,,960,1200,14000,192,GDDR6
NVIDIA Quadro RTX 3000 Max-Q,Turing,1920,,600 - 870,1215 - 1380,14000,192,GDDR6
NVIDIA GeForce GTX 1080 Max-Q,Pascal,2560,,1101 - 1290,1278 - 1468,10000,256,GDDR5X
NVIDIA GeForce GTX 1070 Mobile,Pascal,2048,,1443,1645,8000,256,GDDR5
NVIDIA GeForce RTX 2060 Max-Q,Turing,1920,,975,1185,11000,192,GDDR6
NVIDIA Quadro P4200,Pascal,2304,,1215,1480,7132,256,GDDR5
AMD Radeon RX 5600M,Navi / RDNA,2304,,,1265,12000,192,GDDR6
NVIDIA Quadro P5000,Pascal,2048,,1164,1506,6006,256,GDDR5
NVIDIA GeForce GTX 1660 Ti Mobile,Turing,1536,,1455,1590,12000,192,GDDR6
NVIDIA GeForce GTX 1070 Max-Q,Pascal,2048,,1101 - 1215,1265 - 1379,8000,256,GDDR5
AMD Radeon Pro 5600M,Navi / RDNA,2560,,,1265,,2048,HBM2
NVIDIA GeForce GTX 1660 Ti Max-Q,Turing,1536,,1140,1335,12000,192,GDDR6
NVIDIA Quadro P5000 Max-Q,Pascal,2048,,1101,1366,6006,256,GDDR5
NVIDIA GeForce GTX 980M SLI,Maxwell,3072,,1038,1127,5000,2x 256,GDDR5
NVIDIA GeForce GTX 980 (Laptop),Maxwell,2048,,1126,1228,3500,256,GDDR5
NVIDIA Quadro M5500,Maxwell,2048,,1139,1140,6606,256,GDDR5
NVIDIA GeForce GTX 970M SLI,Maxwell,2560,,924,1038,5000,2x 192,GDDR5
NVIDIA Quadro P4000,Pascal,1792,,1202,1228,6006,256,GDDR5
NVIDIA Quadro T2000 (Laptop),Turing,1024,,1575,1785,8000,128,GDDR5
NVIDIA Quadro T2000 Max-Q,Turing,1024,,930 / 1200,1500 / 1620,8000,128,GDDR5
NVIDIA GeForce GTX 1060 Mobile,Pascal,1280,,1404,1670,8000,192,GDDR5
NVIDIA GeForce GTX 1650 Ti Mobile,Turing,1024,,1350,1485,12000,128,GDDR6
AMD Radeon RX 5500M,Navi / RDNA,1408,,1327,1645,14000,128,GDDR6
AMD Radeon Pro 5500M,Navi / RDNA,1536,,,1300,12000,128,GDDR6
NVIDIA Quadro P4000 Max-Q,Pascal,1792,,1113,1240,6006,256,GDDR5
NVIDIA Quadro P3200,Pascal,1792,,708 - 1202,1228,7008,192,GDDR5
AMD Radeon RX 580X (Laptop),Polaris,2304,,,1340,,,GDDR5
AMD Radeon RX 580 (Laptop),Polaris,2304,,1077,,,,GDDR5
AMD Radeon RX Vega Mobile,Vega,1792,,,,,2048,HBM2
AMD Radeon Pro 5300M,Navi / RDNA,1280,,,1250,12000,128,GDDR6
AMD Radeon RX 5300M,Navi / RDNA,1408,,1036,1445,14000,96,GDDR6
NVIDIA Quadro P3000,Pascal,1280,,1088,1215,7008,192,GDDR5
NVIDIA GeForce GTX 1650 Mobile,Turing,1024,,1395,1560,8000,128,"GDDR5, GDDR6"
NVIDIA GeForce GTX 1060 Max-Q,Pascal,1280,,1063 - 1265,1341 - 1480,8000,192,GDDR5
NVIDIA Quadro P3000 Max-Q,Pascal,1280,,1075,1240,7008,192,GDDR5
NVIDIA GeForce GTX 1650 Ti Max-Q,Turing,1024,,1035,1200,10000,128,GDDR6
AMD Radeon RX 480 (Laptop),Polaris,2304,,,,,256,GDDR5
AMD Radeon Pro WX 7100,Polaris,2304,,,1243,7000,256,GDDR5
AMD Radeon RX 570X (Laptop),Polaris,2048,,,1168,7000,256,GDDR5
AMD Radeon RX 570 (Laptop),Polaris,2048,,926,1206,7000,256,GDDR5
AMD Radeon RX 470 (Laptop),Polaris,2048,,926,1206,7000,256,GDDR5
NVIDIA GeForce GTX 1650 Max-Q,Turing,1024,,1020,1245,8000,128,"GDDR5, GDDR6"
NVIDIA Quadro T1000 (Laptop),Turing,768,,1395,1455,8000,128,GDDR5
NVIDIA Quadro T1000 Max-Q,Turing,768,,795 / 1230,1455,8000,128,GDDR5
NVIDIA GeForce MX450,Turing,896,,1395,1575,10002,64,"GDDR5,GDDR6"
NVIDIA GeForce GTX 880M SLI,Kepler,3072,,954,,5000,2x 256,GDDR5
NVIDIA GeForce GTX 780M SLI,Kepler,3072,,823,,5000,2x 256,GDDR5
AMD Radeon RX 490M,Polaris,0,,,,,,GDDR5
NVIDIA GeForce GTX 965M SLI,Maxwell,2048,,924,950,5000,128,GDDR5
AMD Radeon R9 M290X Crossfire,GCN,2560,,850,900,4800,2x 256,GDDR5
AMD Radeon HD 8970M Crossfire,GCN,2560,,850,900,4800,2x 256,GDDR5
NVIDIA GeForce GTX 680M SLI,Kepler,2688,,720,,3600,2x 256,GDDR5
AMD Radeon HD 7970M Crossfire,GCN,2560,,850,,4800,2x 256,GDDR5
NVIDIA GeForce GTX 980M,Maxwell,1536,,1038,1127,5000,256,GDDR5
AMD Radeon RX Vega M GH,Vega,1536,,1063,1190,,,HBM2
NVIDIA Quadro M5000M,Maxwell,1536,,962,1051,5000,256,GDDR5
AMD Radeon Pro Vega 20,Vega,1280,,815,1283,,,HBM2
NVIDIA GeForce GTX 1050 Ti Mobile,Pascal,768,,1493,1620,7000,128,GDDR5
NVIDIA Quadro P2000,Pascal,768,,1215,1468,6008,128,GDDR5
NVIDIA Quadro P2000 Max-Q,Pascal,768,,1215,1468,6008,128,GDDR5
NVIDIA Quadro M4000M,Maxwell,1280,,975,1013,5012,256,GDDR5
NVIDIA GeForce GTX 970M,Maxwell,1280,,924,1038,5000,192,GDDR5
NVIDIA GeForce GTX 860M SLI,Maxwell,1280,,1029,,5000,2x 128,GDDR5
NVIDIA GeForce GTX 770M SLI,Kepler,1920,,811,,4000,2x 192,GDDR5
AMD Radeon R9 M395X,GCN 3,2048,,,909,5460,256,GDDR5
NVIDIA GeForce GTX 1050 Ti Max-Q,Pascal,768,,1151 – 1290,1290 – 1417,7000,128,GDDR5
AMD Radeon Pro Vega 16,Vega,1024,,,,,,HBM2
AMD Radeon RX Vega M GL / 870,Vega,1280,,931,1011,,,HBM2
AMD Radeon Pro WX Vega M GL,Vega,1280,,931,1011,,,HBM2
AMD Radeon R9 M485X,GCN 3,2048,,,,5000,256,GDDR5
AMD Radeon R9 M295X,GCN 3,2048,,,850,5448,256,GDDR5
AMD Radeon R9 M390X,GCN 3,2048,,,723,5000,256,GDDR5
NVIDIA Quadro M3000M,Maxwell,1024,,1050,,5000,256,GDDR5
NVIDIA GeForce GTX 1050 Mobile,Pascal,640,,1354,1493,7000,128,GDDR5
AMD FirePro W7170M,GCN 3,2048,,723,,5000,256,GDDR5
AMD Radeon R9 M395,GCN,1792,,834,,5460,256,GDDR5
Intel Iris Xe Graphics G7 96EUs,Gen. 11 Ice Lake,96,,400,1350,,,
NVIDIA GeForce GTX 880M,Kepler,1536,,954,,5000,256,GDDR5
NVIDIA GeForce GTX 1050 Max-Q,Pascal,640,,999 - 1189,1139 - 1328,7000,128,GDDR5
NVIDIA GeForce GTX 780M,Kepler,1536,,823,,5000,256,GDDR5
NVIDIA Quadro K5100M,Kepler,1536,,771,,3600,256,GDDR5
NVIDIA Quadro P1000,Pascal,512,,1493,1519,6008,128,GDDR5
Intel Iris Xe MAX Graphics,Gen. 12 Xe,96,,,1650,4266,128,LPDDR4x
NVIDIA GeForce MX350,Pascal,640,,1354,1468,7000,64,GDDR5
NVIDIA GeForce GTX 680MX,Kepler,1536,,720,,5000,256,GDDR5
AMD Radeon Pro WX 4150,Polaris,896,,,1053,7000,128,GDDR5
NVIDIA GeForce GTX 965M,Maxwell,1024,,924 / 935,950 / 1151,5000,128,GDDR5
AMD Radeon RX 560X (Laptop),Polaris,1024,,1172,1275,6000,128,GDDR5
AMD Radeon RX 560 (Laptop),Polaris,1024,,1090,1292,6000,128,GDDR5
NVIDIA Quadro M2200,Maxwell,1024,,694,1038,5508,128,GDDR5
NVIDIA GeForce GTX 870M,Kepler,1344,,941,,5000,192,GDDR5
AMD Radeon R9 M290X,GCN,1280,,850,900,4800,256,GDDR5
AMD Radeon HD 8970M,GCN,1280,,850,900,4800,256,GDDR5
NVIDIA GeForce GTX 675M SLI,Fermi,768,,620,,3000,256,GDDR5
NVIDIA GeForce GTX 765M SLI,Kepler,1536,,850,,4000,2x 128,GDDR5
AMD Radeon RX 460 (Laptop),Polaris,896,,,1180,6000,128,GDDR5
NVIDIA GeForce GTX 680M,Kepler,1344,,720,,3600,256,GDDR5
NVIDIA GeForce GTX 775M,Kepler,1344,,719,,3600,256,GDDR5
AMD Radeon R9 M390,GCN,1024,,,958,5460,256,GDDR5
AMD FirePro M6100,GCN,768,,1100,,6000,128,GDDR5
AMD Radeon HD 7970M,GCN,1280,,850,,4800,256,GDDR5
AMD Radeon Pro 560X,Polaris,1024,,907,,5080,128,GDDR5
AMD Radeon Pro 560,Polaris,1024,,907,,5080,128,GDDR5
AMD Radeon Pro 460,Polaris,1024,,900,,5000,128,GDDR5
AMD Radeon Pro WX 4130,Polaris,640,,,1053,7000,128,GDDR5
NVIDIA GeForce GTX 960M,Maxwell,640,,1096,1202,5000,128,GDDR5
NVIDIA GeForce GTX 670MX SLI,Kepler,1920,,600,,2800,2x 192,GDDR5
NVIDIA Quadro M1200,Maxwell,640,,991,1150,5000,128,GDDR5
NVIDIA Quadro P620,Pascal,512,,1177,1442,6000,128,GDDR5
AMD Radeon RX 550X (Laptop),Polaris,640,,1176,,7000,128,GDDR5
AMD Radeon RX 550 (Laptop),Polaris,640,,1287,1476,6000,128,GDDR5
AMD Radeon RX 640,Polaris,640,,1218,1218,6000,64,GDDR5
AMD Radeon Pro WX 3200,Polaris,640,,1082,,6000,128,GDDR5
AMD Radeon Pro 555X,Polaris,768,,855,,5080,128,GDDR5
AMD Radeon Pro 555,Polaris,768,,855,,5080,128,GDDR5
AMD Radeon Pro 455,Polaris,768,,855,,5000,128,GDDR5
NVIDIA Quadro P600,Pascal,384,,1430,1620,5012,64,GDDR5
NVIDIA GeForce MX250,Pascal,384,,1518,1582,7000,64,GDDR5
NVIDIA GeForce MX150,Pascal,384,,1468,1532,6008,64,GDDR5
NVIDIA GeForce MX330,Pascal,384,,1531,1594,7000,64,GDDR5
NVIDIA Quadro M2000M,Maxwell,640,,1038,1197,5000,128,GDDR5
NVIDIA Quadro K5000M,Kepler,1344,,706,,3000,256,GDDR5
NVIDIA Quadro K4100M,Kepler,1152,,706,,3200,256,GDDR5
Intel Iris Xe Graphics G7 80EUs,Gen. 11 Ice Lake,80,,400,1250,,,
NVIDIA GeForce GTX 770M,Kepler,960,,811,,4000,192,GDDR5
AMD Radeon RX 540X,GCN 4.0,512,,,1219,6000,128,GDDR5
AMD Radeon Pro WX 2100,Polaris,512,,,1219,6000,128,GDDR5
AMD Radeon RX 540,Polaris,512,,,1219,6000,128,GDDR5
AMD Radeon Pro WX 3100,Polaris,512,,,,6000,128,GDDR5
NVIDIA GeForce GTX 860M,Maxwell,640,,1029,,5000,128,GDDR5
NVIDIA GeForce GTX 580M SLI,Fermi,768,,620,,1500,256,GDDR5
AMD Radeon HD 6990M Crossfire,Terascale 2,2240,,715,,900,256,GDDR5
NVIDIA GeForce GT 755M SLI,Kepler,768,,980,,5400,2x 128,GDDR5
NVIDIA GeForce GTX 485M SLI,Fermi,768,,575,,1500,256,GDDR5
AMD Radeon HD 6970M Crossfire,Terascale 2,1920,,680,,900,256,GDDR5
NVIDIA GeForce GTX 675MX,Kepler,960,,600,,3600,256,GDDR5
NVIDIA GeForce GT 750M SLI,Kepler,768,,967,,2000 - 5000,2x 128,"DDR3, GDDR5"
NVIDIA GeForce GTX 950M,Maxwell,640,,914 - 993,1124,1800 - 5000,128,"DDR3, GDDR5"
AMD Radeon Pro 450,Polaris,640,,800,,5080,128,GDDR5
AMD Radeon 630,GCN 1.0,512,,,1219,6000,64,GDDR5
AMD Radeon 540X,GCN 4.0,512,,,1219,6000,64,GDDR5
AMD Radeon R9 M470X,GCN 2,896,,1100,,6000,128,GDDR5
AMD Radeon R9 M385X,GCN,896,,1100,,6000,128,GDDR5
NVIDIA Quadro P520,Pascal,384,,1303,1493,6000,64,GDDR5
NVIDIA GeForce GTX 850M,Maxwell,640,,876,,2000 - 5000,128,"DDR3, GDDR5"
NVIDIA Quadro M1000M,Maxwell,512,,993,1072,5000,128,GDDR5
NVIDIA Quadro M620,Maxwell,512,,1018,,5012,128,GDDR5
AMD Radeon RX Vega 11,Vega,704,,,1240,,,
AMD Radeon R9 M280X,GCN,896,,900,1000,5500,128,GDDR5
AMD Radeon HD 7950M,GCN,1280,,700,,4000,256,GDDR5
NVIDIA GeForce 945M,Maxwell,512,,928,1045,2000,128,DDR3
NVIDIA GeForce GTX 765M,Kepler,768,,850,,4000,128,GDDR5
NVIDIA GeForce GTX 470M SLI,Fermi,576,,535,,1250,192,GDDR5
NVIDIA GeForce GTX 480M SLI,Fermi,704,,425,,1200,256,GDDR5
NVIDIA GeForce GTX 560M SLI,Fermi,384,,775,,1250,192,GDDR5
NVIDIA Quadro K4000M,Kepler,960,,600,,2800,256,GDDR5
NVIDIA Quadro P500,Pascal,256,,1455,1519,5012,64,GDDR5
Intel Iris Plus Graphics G7 (Ice Lake 64 EU),Gen. 11 Ice Lake,64,,300,1100,,,DDR4
AMD Radeon RX Vega 10,Vega,640,,,1300,,,
Intel Iris Pro Graphics P580,Gen. 9 Skylake,72,,350,1100,,eDRAM + 64/128,eDRAM
Intel Iris Pro Graphics 580,Gen. 9 Skylake,72,,350,1050,,eDRAM + 64/128,eDRAM
NVIDIA GeForce GTX 675M,Fermi,384,,620,,3000,256,GDDR5
NVIDIA GeForce GTX 580M,Fermi,384,,620,,1500,256,GDDR5
AMD Radeon HD 6990M,Terascale 2,1120,,715,,900,256,GDDR5
AMD Radeon R9 M470,GCN 2,768,,1000,,6000,128,GDDR5
AMD Radeon R9 M385,GCN,0,,,,6000,128,GDDR5
AMD Radeon R9 M380,GCN,768,,1000,,6000,128,GDDR5
NVIDIA GeForce GT 650M SLI,Kepler,768,,790,835,4000,2x 128,GDDR5
NVIDIA GeForce GTX 460M SLI,Fermi,384,,675,,1250,192,GDDR5
ATI Mobility Radeon HD 5870 Crossfire,Terascale 2,1600,,700,,1000,128,"DDR3, GDDR3, GDDR5"
NVIDIA GeForce GTX 485M,Fermi,384,,575,,1500,256,GDDR5
NVIDIA GeForce GTX 285M SLI,G9x,256,,576,,1020,256,GDDR3
NVIDIA Quadro K3100M,Kepler,768,,706,,3200,256,GDDR5
AMD FirePro W5170M,GCN,640,,,925,4500,128,GDDR5
AMD Radeon R9 M370X,GCN 1.0,640,,800,,4500,128,GDDR5
NVIDIA GeForce GTX 670MX,Kepler,960,,600,,2800,192,GDDR5
NVIDIA Quadro 5010M,Fermi,384,,450,,1300,256,GDDR5 ECC
NVIDIA GeForce GTX 760M,Kepler,768,,657,,4000,128,GDDR5
AMD Radeon R9 M275,GCN,640,,925,,4500,128,GDDR5
NVIDIA GeForce GTX 670M,Fermi,336,,598,,3000,192,GDDR5
AMD Radeon RX Vega 9,Vega,576,,,1300,,,
NVIDIA Maxwell GPU Surface Book,Maxwell,384,,954,993,5012,64,GDDR5
AMD FirePro W5130M,GCN,512,,,925,4000,128,GDDR5
AMD FirePro M8900,Terascale 2,960,,680,,900,256,GDDR5
AMD Radeon HD 6970M,Terascale 2,960,,680,,900,256,GDDR5
AMD Radeon R9 M270,GCN,640,,725,,4500,128,GDDR5
AMD Radeon HD 8870M,GCN,640,,725,,4500,128,"GDDR5, DDR3"
AMD Radeon HD 7870M,GCN,640,,800,,4000,128,GDDR5
NVIDIA Quadro K3000M,Kepler,576,,654,,2800,256,GDDR5
NVIDIA GeForce GTX 570M,Fermi,336,,575,,1150,192,GDDR5
Intel UHD Graphics Xe G4 48EUs,Gen. 11 Ice Lake,48,,,,,,
AMD FirePro M6000,GCN,640,,750,,4500,128,GDDR5
AMD FirePro M5100,GCN,640,,725,775,4500,128,GDDR5
NVIDIA GeForce MX230,Pascal,256,,1519,1531,7000,64,GDDR5
AMD Radeon RX Vega 8 (Ryzen 4000),Vega,512,,,1750,,,
NVIDIA Quadro K2100M,Kepler,576,,667,,3000,128,GDDR5
NVIDIA GeForce GTX 280M SLI,G9x,256,,585,,950,256,GDDR3
AMD Radeon HD 6950M,Terascale 2,960,,580,,900,256,GDDR5
NVIDIA GeForce GT 755M,Kepler,384,,980,,5400,128,GDDR5
NVIDIA GeForce GTX 660M,Kepler,384,,835,,4000,128,GDDR5
NVIDIA GeForce 845M,Maxwell,384,,1071,1150,2000 - 5000,64/128,"DDR3, GDDR5"
AMD Radeon HD 8850M,GCN,640,,575,725,4500,128,"GDDR5, DDR3"
AMD Radeon R9 M365X,GCN,640,,900,925,4500,128,GDDR5
AMD Radeon R9 M265X,GCN,640,,625,,4000,128,GDDR5
AMD Radeon HD 7850M,GCN,640,,675,,4000,128,GDDR5
AMD Radeon R7 M465,GCN,384,,825,960,4000,128,GDDR5
AMD Radeon HD 8790M,GCN,384,,850,,4500,128,GDDR5
AMD FirePro W4170M,GCN,384,,850,900,4000,128,GDDR5
ATI Mobility Radeon HD 4870 X2,Terascale 1,1600,,550,,888,256,"GDDR3, GDDR5"
NVIDIA Quadro 4000M,Fermi,336,,475,,1200,256,GDDR5
NVIDIA GeForce GTX 470M,Fermi,288,,535,,1250,192,GDDR5
NVIDIA GeForce GTX 480M,Fermi,352,,425,,1200,256,GDDR5
NVIDIA GeForce GT 750M,Kepler,384,,967,,2000 - 5000,128,"DDR3, GDDR5"
Intel Iris Pro Graphics 6200,Gen. 8 Broadwell,48,,300,1150,,eDRAM + 64/128,
NVIDIA GeForce MX130,Maxwell,384,,1122,1242,,64,"GDDR5, DDR3"
NVIDIA GeForce 940MX,Maxwell,384,,1122,1242,4000,64,"GDDR5, DDR3"
NVIDIA Quadro M520,Maxwell,384,,756,1019,,64,GDDR5
NVIDIA Quadro K1100M,Kepler,384,,705,,2800,128,GDDR5
AMD Radeon RX Vega 8 (Ryzen 2000/3000),Vega,512,,,1200,,,
AMD Radeon RX Vega 7,Vega,448,,,1600,,,
NVIDIA GeForce 940M,Maxwell,384,,1072,1176,2000,64,DDR3
Intel Iris Plus Graphics G4 (Ice Lake 48 EU),Gen. 11 Ice Lake,48,,300,1100,,,DDR4
NVIDIA GeForce 930MX,Maxwell,384,,952,1020,2000,64,"GDDR5, DDR3"
Apple M1 8-Core GPU,,8,,1278,,,,
Apple M1 7-Core GPU,,7,,1278,,,,
NVIDIA Quadro M600M,Maxwell,384,,837,876,5012,128,GDDR5
AMD FirePro W4190M,GCN,384,,825,900,4000,128,GDDR5
AMD Radeon R9 M375,GCN,640,,1015,,2200,128,DDR3
Intel Iris Plus Graphics 655,Gen. 9.5 Kaby Lake,48,,300,1200,,,DDR3/DDR4
AMD Radeon R7 M445,GCN,320,,920,,2000,64,GDDR5
AMD Radeon R7 M380,GCN,640,,915,,2000,128,DDR3
AMD Radeon R7 M370,GCN,384,,875,,3600,128,GDDR5
NVIDIA GeForce GT 650M,Kepler,384,,735,900,1800 - 4000,128,"DDR3, GDDR5"
NVIDIA Quadro K620M,Maxwell,384,,1029,1124,2000,64,DDR3
NVIDIA Quadro M500M,Maxwell,384,,1029,1124,4004,64,DDR3
NVIDIA GeForce 840M,Maxwell,384,,1029,,2000,64,DDR3
AMD Radeon R7 M275DX,GCN,896,,,,,,DDR3
NVIDIA GeForce GT 745M,Kepler,384,,837,,1800,128,"DDR3, GDDR5"
AMD Radeon HD 7770M,GCN,512,,675,,4000,128,GDDR5
NVIDIA GeForce GTX 560M,Fermi,192,,775,,1250,192,GDDR5
Intel Iris Pro Graphics 5200,Gen. 7.5 Haswell,40,,200,1300,,eDRAM + 64/128,eDRAM
NVIDIA GeForce GT 740M,Kepler,384,,810,980,1600 - 1800,64/128,DDR3
Intel Iris Plus Graphics 650,Gen. 9.5 Kaby Lake,48,,300,1100,,64/128,DDR4
NVIDIA GeForce 930M,Maxwell,384,,928,941,1800,64,DDR3
Intel Iris Graphics 550,Gen. 9 Skylake,48,,300,1100,,eDRAM + 64/128,eDRAM
AMD Radeon 530,GCN,384,,1024,,2250,64,"DDR3, GDDR5"
AMD Radeon 625,GCN 1.0,384,,,1024,2250,64,"DDR3, GDDR5"
AMD Radeon RX Vega 6 (Ryzen 4000),Vega,384,,,1500,,,
Intel Iris Plus Graphics 645,Gen. 9.5 Coffee Lake,48,,300,1150,,,DDR3/DDR4
NVIDIA GeForce 830M,Maxwell,256,,1029,1150,1800,64,DDR3
NVIDIA GeForce MX110,Maxwell,256,,965,993,1800,64,GDDR5/DDR3
Intel Iris Plus Graphics 640,Gen. 9.5 Kaby Lake,48,,300,1050,,64/128,DDR3/DDR4
NVIDIA GeForce 920MX,Maxwell,256,,965,993,1800,64,GDDR5/DDR3
Intel Iris Graphics 540,Gen. 9 Skylake,48,,300,1050,,eDRAM + 64/128,eDRAM
NVIDIA Quadro K2000M,Kepler,384,,745,,1800,128,DDR3
NVIDIA GeForce GTX 260M SLI,G9x,224,,550,,950,256,GDDR3
NVIDIA GeForce GT 735M,Kepler,384,,575,889,1800 - 2000,64,DDR3
ATI Mobility Radeon HD 5870,Terascale 2,800,,700,,1000,128,"DDR3, GDDR3, GDDR5"
NVIDIA GeForce 825M,Kepler,384,,850,,1800,64,DDR3
NVIDIA Quadro 5000M,Fermi,320,,405,,1200,256,GDDR5
AMD FirePro M4000,GCN,512,,600,,4500,128,GDDR5
ATI FirePro M7820,Terascale 2,800,,700,,1000,128,GDDR5
AMD Radeon HD 6870M,Terascale 2,800,,675,,1000,128,"DDR3, GDDR3, GDDR5"
NVIDIA GeForce 9800M GTX SLI,G9x,224,,500,,800,256,GDDR3
AMD Radeon HD 8830M,GCN,640,,575,,2000,128,DDR3
AMD Radeon HD 8770M,GCN,384,,775,,4500,128,GDDR5
AMD Radeon R7 M260X,GCN,384,,715,,4000,128,GDDR5
NVIDIA GeForce GTX 460M,Fermi,192,,675,,1250,192,GDDR5
AMD Radeon HD 8550G + HD 8750M Dual Graphics,,640,,720 / 825,,1800,128,DDR3
NVIDIA GeForce GT 730M,Kepler,384,,725,,1800 - 2000,64/128,DDR3
NVIDIA GeForce GT 645M,Kepler,384,,710,,1800,128,DDR3
AMD Radeon HD 7750M,GCN,512,,575,,4000,128,GDDR5
AMD FirePro M4100,GCN,384,,670,,4000,128,GDDR5
AMD Radeon HD 8750M,GCN,384,,620,775,2000 - 4000,128,"GDDR5, DDR3"
NVIDIA Quadro 3000M,Fermi,240,,450,,625,256,GDDR5
AMD Radeon R7 M270,GCN,384,,825,,1800 - 2000,128,DDR3
AMD Radeon R7 M265,GCN,384,,825,980,1800 - 2000,64/128,DDR3
NVIDIA Quadro FX 3800M,G9x,128,,675,,1000,256,GDDR3
NVIDIA GeForce GTX 285M,G9x,128,,576,,1020,256,GDDR3
ATI Mobility Radeon HD 4870,Terascale 1,800,,550,,888,256,GDDR5
AMD Radeon R7 (Bristol Ridge),GCN 1.2,512,,,900,,64/128,
NVIDIA GeForce GT 640M,Kepler,384,,625,645,1800 - 4000,128,"DDR3, GDDR5"
AMD Radeon R7 (Carrizo),GCN 1.2/2.0,512,,,800,,64/128,
AMD Radeon R7 (Kaveri),GCN 1.1,512,,553,686,,64/128,
AMD Radeon R8 M365DX,GCN,768,,720 / 1125,,800 / 1000,128 + 64,DDR3
AMD Radeon R7 M460,GCN,384,,984,,2000,64,
AMD Radeon HD 7730M,GCN,512,,575,675,1800,128,DDR3
AMD Radeon R7 M360,GCN 2.0,384,,1125,,2000,64,DDR3
NVIDIA GeForce GTX 280M,G9x,128,,585,,950,256,GDDR3
NVIDIA GeForce 920M,Kepler,384,,954,,1800,64,DDR3
NVIDIA GeForce 9800M GT SLI,G9x,192,,500,,800,256,GDDR3
AMD Radeon HD 8690M,GCN,384,,775,,4500,64,GDDR5
AMD Radeon R8 M445DX,GCN,704,,720 / 1020,,933 / 1000,128 + 64,DDR4/DDR3
AMD Radeon 620,GCN 1.0,384,,,1024,2250,64,"DDR3, GDDR5"
AMD Radeon R7 M440,GCN 1.0,320,,1021,,2000,64,DDR3
NVIDIA GeForce 9800M GTS SLI,G9x,128,,600,,800,256,GDDR3
ATI Mobility Radeon HD 3870 X2,RV6xx,640,,660,,850,256,GDDR3
NVIDIA GeForce 8800M GTX SLI,G9x,192,,500,,800,256,GDDR3
ATI Mobility Radeon HD 3850 X2,RV6xx,640,,580,,750,256,GDDR3
NVIDIA Quadro FX 3700M,G9x,128,,550,,800,256,GDDR3
AMD Radeon R7 M260,GCN,384,,715,980,1800 - 2000,64/128,DDR3
AMD Radeon R7 M340,GCN,320,,1021,,2000,64,DDR3
AMD Radeon 520,GCN 1.0,320,,1030,,2250,64,"DDR3, GDDR5"
AMD Radeon 610,GCN 1.0,320,,,1030,2250,64,GDDR5
AMD Radeon R6 M340DX,GCN,704,,,,,,DDR3
AMD Radeon RX Vega 6 (Ryzen 2000/3000),Vega,384,,,1100,,,
AMD Radeon RX Vega 5,Vega,320,,,1400,,,
Intel UHD Graphics G1 (Ice Lake 32 EU),Gen. 11 Ice Lake,32,,300,1100,,,DDR4
Intel UHD Graphics 630,Gen. 9.5,24,,300,1150,,64/128,
Intel UHD Graphics P630,Gen. 9.5,24,,300,1200,,64/128,
Intel HD Graphics 630,Gen. 9.5 Kaby Lake,24,,300,1150,,64/128,
Intel HD Graphics P630,Gen. 9.5 Kaby Lake,24,,,,,64/128,
Intel UHD Graphics G7 (Lakefield GT2 64 EU),Gen. 11 Ice Lake,64,,200,500,,,DDR4
Intel HD Graphics 530,Gen. 9 Skylake,24,,350,1150,,64/128,
Intel HD Graphics P530,Gen. 9 Skylake,24,,350,1050,,64/128,DDR3/DDR4
AMD Radeon R5 (Bristol Ridge),GCN 1.2/2.0,384,,,800,,64/128,
Intel UHD Graphics 620,Gen. 9.5,24,,300?,1150,,64/128,DDR3/DDR4
Intel HD Graphics 620,Gen. 9.5 Kaby Lake,24,,300,1050,,64/128,DDR3/DDR4
AMD Radeon R6 (Carrizo),GCN 1.2/2.0,384,,,800,,64/128,
Qualcomm Adreno 685,,0,,,,,,
Qualcomm Adreno 680,,0,,,,,,
ATI Mobility Radeon HD 4860,Terascale 1,640,,650,,1000,128,GDDR5
ATI FirePro M7740,Terascale 1,640,,650,,1000,128,GDDR5
ATI Mobility Radeon HD 4850,Terascale 1,800,,500,,850,256,GDDR3
NVIDIA GeForce GTX 260M,G9x,112,,550,,950,256,GDDR3
NVIDIA GeForce 9800M GTX,G9x,112,,500,,800,256,GDDR3
NVIDIA Quadro FX 2800M,G9x,96,,600,,1000,256,GDDR3
AMD Radeon HD 6775G2,Terascale 2,880,,,,,,
AMD Radeon HD 7690M XT,Terascale 2,480,,725,,3600,128,GDDR5
AMD FirePro M5950,Terascale 2,480,,725,,900,128,GDDR5
NVIDIA GeForce GT 640M LE,Fermi / Kepler,384,,500,,1800 - 4000,128,"DDR3, GDDR5"
AMD Radeon R6 (Kaveri),GCN 1.1,384,,533,654,,64/128,
AMD Radeon HD 8650M,GCN,384,,650,,4500,64,GDDR5
AMD Radeon HD 8730M,GCN,384,,650,,2000,128,DDR3
AMD Radeon HD 6770M,Terascale 2,480,,675 / 725,,800,128,GDDR5
NVIDIA GeForce GT 635M,Fermi,144,,660,753,1800,128/192,"DDR3, GDDR5"
NVIDIA GeForce GT 555M,Fermi,144,,525,753,785-900,"128, 192","DDR3,GDDR5"
ATI Mobility Radeon HD 5850,Terascale 2,800,,625,,2000,128,"DDR3, GDDR3, GDDR5"
AMD Radeon HD 6850M,Terascale 2,800,,575 / 675,,800,128,"DDR3, GDDR5"
NVIDIA Quadro 2000M,Fermi,192,,550,,900,128,DDR3
NVIDIA GeForce 9800M GT,G9x,96,,500,,800,256,GDDR3
NVIDIA GeForce 8800M GTX,G9x,96,,500,,800,256,GDDR3
NVIDIA Quadro FX 3600M,G9x,96,,500,,800,256,GDDR3
NVIDIA GeForce GT 445M,Fermi,144,,590,,1250,192 / 128,"DDR3, GDDR5"
NVIDIA GeForce GTS 360M,GT2xx,96,,575,,1800,128,"DDR3, GDDR3, GDDR5"
AMD Radeon HD 6755G2,Terascale 2,880,,,,,,
AMD Radeon HD 7690M,Terascale 2,480,,600,725,3600/1800,128,GDDR5/DDR3
Intel HD Graphics 5600,Gen. 8 Broadwell,24,,300,1050,,64/128,
AMD Radeon HD 8650G + HD 8670M Dual Graphics,,768,,720 / 775,,1800 - 2000,64,DDR3
AMD Radeon HD 8650G + HD 8570M Dual Graphics,,768,,720 / 650,,1800 - 2000,64,DDR3
AMD Radeon HD 7660G + HD 7670M Dual Graphics,Terascale 2,862,,685 / 600,,1800,128,"DDR3,GDDR5"
AMD Radeon HD 8550G + HD 8670M Dual Graphics,,640,,720 / 975,,2000,64,DDR3
AMD Radeon HD 8670M,GCN,384,,775,,2000,64,DDR3
AMD Radeon R6 M255DX,GCN,576,,855 / 514,,,,DDR3
AMD Radeon HD 6750M,Terascale 2,480,,600,,900,128,GDDR5
NVIDIA Quadro K1000M,Kepler,192,,850,,1800,128,DDR3
NVIDIA GeForce GT 550M,Fermi,96,,740,,900,128,"DDR3, GDDR5"
AMD Radeon HD 8590M,GCN,384,,620,,4500,64,GDDR5
NVIDIA GeForce GTS 260M,GT2xx,96,,550,,1800,128,"GDDR3, GDDR5"
NVIDIA GeForce GTS 160M,G9x,64,,600,,800,256,GDDR3
NVIDIA GeForce 9800M GTS,G9x,64,,600,,800,256,GDDR3
AMD Radeon HD 6830M,Terascale 2,800,,575,,900,128,"DDR3, GDDR3"
ATI Mobility Radeon HD 5830,Terascale 2,800,,500,,800,128,"DDR3, GDDR3"
AMD Radeon HD 6760G2,Terascale 2,880,,,,,,
AMD Radeon HD 6740G2,Terascale 2,880,,,,,,
AMD Radeon HD 6730M,Terascale 2,480,,725,,800,128,DDR3
NVIDIA GeForce 9800M GS,G9x,64,,530,,800,256,GDDR3
ATI Mobility Radeon HD 4830,Terascale 1,640,,550,,700,128,"GDDR3, DDR3"
ATI Mobility Radeon HD 5770,Terascale 2,400,,650,,800,128,GDDR5
AMD Radeon HD 6570M,Terascale 2,400,,650,,900,128,"DDR3, GDDR5"
AMD Radeon HD 8650G,Terascale 3,384,,533,720,,,
AMD Radeon HD 7640G + HD 7670M Dual Graphics,Terascale 3,736,,655 / 600,,1800,128,
AMD Radeon HD 6620G + HD 7670M Dual Graphics,Terascale 2,880,,400 / 600,,1800,,
AMD Radeon HD 7520G + HD 7670M Dual Graphics,Terascale 3,736,,655 / 600,,1800,128,
AMD Radeon HD 7670M,Terascale 2,480,,600,,1800,128,"DDR3, (GDDR5)"
NVIDIA GeForce GT 630M,Fermi,96,,672,,1800,128,DDR3
NVIDIA GeForce GTS 150M,G9x,64,,400,,800,256,GDDR3
AMD Radeon R5 M335,GCN 1.0,320,,1070,,2200,64,DDR3
AMD Radeon R5 M330,GCN 1.0,320,,1030,,2000,64,DDR3
AMD Radeon R5 M430,GCN,320,,955,,1746,64,DDR3
AMD Radeon R5 M255,GCN,320,,940,,1800 - 2000,64,DDR3
AMD Radeon RX Vega 3,Vega,192,,,1000,,,
NVIDIA Quadro 1000M,Fermi,96,,700,,900,128,DDR3
NVIDIA GeForce 910M,Kepler,384,,641,,2000,64,DDR3
NVIDIA GeForce 820M,Fermi,96,,775,,1800,64,DDR3
Intel HD Graphics 520,Gen. 9 Skylake,24,,300,1050,,64/128,DDR3/DDR4
Intel Iris Graphics 6100,Gen. 8 Broadwell,48,,300,1100,,64/128,
Intel UHD Graphics G4 (Lakefield GT1 48 EU),Gen. 11 Ice Lake,48,,200,500,,,DDR4
NVIDIA GeForce GT 720M,Fermi,96,,625,938,1800 - 2000,64,DDR3
NVIDIA GeForce 8800M GTS,G9x,64,,500,,800,256,GDDR3
AMD Radeon R5 M240,GCN,320,,1030,,1800,64,DDR3
AMD Radeon R5 M320,GCN 2.0,320,,855,,2000,64,DDR3
AMD Radeon R5 M230,GCN,320,,855,,1800 - 2000,64,DDR3
AMD Radeon R5 M315,GCN,320,,970,,1800,64,DDR3
AMD Radeon R5 M420,GCN,320,,780,,2000,64,DDR3
AMD Radeon RX Vega 2,Vega,128,,,1100,,,
AMD Radeon R5 (Stoney Ridge),GCN 1.2/2.0,192,,,800,,64,
ATI Mobility Radeon HD 5750,Terascale 2,400,,550,,1600,128,"DDR, GDDR3, GDDR5"
AMD Radeon HD 6720G2,Terascale 2,880,,,,,,
AMD Radeon HD 8450G + Radeon HD 8570M Dual Graphics,Terascale 3 / GCN,576,,720 / 650,,1800,64,
AMD Radeon HD 8570M,GCN,384,,650,,1800 - 2000,64,DDR3
Intel HD Graphics 6000,Gen. 8 Broadwell,48,,300,1000,,64/128,
NVIDIA Quadro K610M,Kepler,192,,954,,2600,64,GDDR5
AMD Radeon HD 8550M,GCN,384,,700,,1800,64,DDR3
Intel Iris Graphics 5100,Gen. 7.5 Haswell,40,,200,1200,,64/128,
NVIDIA GeForce GT 540M,Fermi,96,,672,,900,128,"GDDR5, DDR3"
AMD Radeon HD 6690G2,Terascale 2,880,,,,,,
AMD Radeon HD 6650M,Terascale 2,480,,600,,900,128,DDR3
Intel HD Graphics 4600,Gen. 7.5 Haswell,20,,200,1350,,64/128,
ATI Mobility Radeon HD 5730,Terascale 2,400,,650,,800,128,"DDR3, GDDR3"
Intel HD Graphics 5500,Gen. 8 Broadwell,24,,300,950,,64/128,
Qualcomm Adreno 630,,0,,,,,,
Intel UHD Graphics 617,Gen. 9 Amber Lake,24,,300,1150,,64/128,DDR3L/LPDDR3
Intel UHD Graphics 615,Gen. 9 Amber Lake,24,,300,1000,,64/128,DDR3L/LPDDR3
Intel HD Graphics 615,Gen. 9 Kaby Lake,24,,300,1050,,64/128,DDR3L/LPDDR3
AMD Radeon R5 (Carrizo),GCN 1.2/2.0,256,,,800,,64/128,
AMD Radeon R5 (Kaveri),GCN 1.1,256,,514,626,,64/128,
ATI FirePro M5800,Terascale 2,400,,650,,800,128,"DDR3, GDDR5"
NVIDIA NVS 5400M,Fermi,96,,660,,1800,128,DDR3
NVIDIA GeForce 710M,Fermi,96,,775,800,1800,64,DDR3
AMD Radeon HD 7660G,Terascale 3,384,,497,686,,,
NVIDIA GeForce GT 435M,Fermi,96,,650,,800,128,DDR3
AMD Radeon HD 6680G2,Terascale 2,800,,,,,,
Intel HD Graphics 5000,Gen. 7.5 Haswell,40,,200,1100,,64/128,
NVIDIA Quadro K510M,Kepler,192,,846,,2400,64,GDDR5
AMD Radeon HD 6550M,Terascale 2,400,,600,,800,128,DDR3
AMD Radeon HD 7590M,Terascale 2,480,,600,,3200,64,
NVIDIA GeForce GTS 350M,GT2xx,96,,500,,1600,128,"DDR3, GDDR3, GDDR5"
NVIDIA GeForce GTS 250M,GT2xx,96,,500,,1600,128,"DDR3, GDDR3, GDDR5"
AMD Radeon HD 6630M,Terascale 2,480,,485,,800,128,DDR3
AMD Radeon HD 7650M,Terascale 2,480,,450,550,1800,128,DDR3
AMD FirePro M2000,Terascale 2,480,,500,,3200,64,GDDR5
AMD Radeon HD 7570M,Terascale 2,400,,450,650,3200 / 1800,64,GDDR5 / DDR3
AMD Radeon HD 7630M,Terascale 2,480,,450,,1800,128,DDR3
NVIDIA Quadro FX 1800M,GT2xx,72,,560,,1100,128,"DDR3, GDDR5"
ATI Mobility Radeon HD 5650,Terascale 2,400,,450,650,800,128,"GDDR3, DDR3"
AMD Radeon HD 8510G,TeraScale 3,384,,450,554,,,
AMD Radeon HD 6530M,Terascale 2,400,,500,,800,128,DDR3
AMD Radeon HD 8550G,Terascale 3,256,,515,720,,,
NVIDIA Quadro K500M,Kepler,192,,850,,1800,64,DDR3 / GDDR5
NVIDIA GeForce GT 625M,Fermi,96,,625,,1800,64,DDR3
NVIDIA GeForce GT 620M,Fermi,96,,625,715,1800,64 / 128,DDR3
NVIDIA GeForce GT 525M,Fermi,96,,600,,900,128,"GDDR5, DDR3"
AMD Radeon HD 7640G + HD 7610M Dual Graphics,Terascale 3,656,,655 / 450,,1800,128,
AMD Radeon HD 7610M,Terascale 2,400,,450,,1600,128,DDR3
AMD Radeon HD 7620G,Terascale 3,384,,360,497,,,
AMD Radeon HD 7640G,Terascale 3,256,,497,686,,,
Intel HD Graphics 515,Gen. 9 Skylake,24,,300,1000,,64/128,DDR3L/LPDDR3
Intel UHD Graphics 610,Gen. 9 Kaby Lake,12,,300,950,,64/128,DDR3/DDR4
Intel HD Graphics 610,Gen. 9 Kaby Lake,12,,300,950,,64/128,DDR3/DDR4
Intel HD Graphics 4400,Gen. 7.5 Haswell,20,,200,1100,,64/128,
AMD Radeon HD 8610G,Terascale 3,384,,533,626,,,
Intel HD Graphics 510,Gen. 9 Skylake,12,,300,950,,64/128,DDR3/DDR4
NVIDIA NVS 5200M,Fermi,96,,625,,1800,64,DDR3
ATI Mobility Radeon HD 565v,Terascale 1,320,,675,,800,128,"GDDR3, DDR3, DDR2"
AMD Radeon HD 7550M,Terascale 2,400,,450,550,3200 / 1800,64,GDDR5 / DDR3
ATI Mobility Radeon HD 4670,Terascale 1,320,,675,,800,128,"GDDR3, DDR2, DDR3"
NVIDIA GeForce GT 425M,Fermi,96,,560,,800,128,DDR3
NVIDIA GeForce 9700M GTS,G9x,48,,530,,800,256,GDDR3
AMD Radeon HD 6645G2,Terascale 2,560,,,,,,
NVIDIA Quadro FX 2700M,G9x,48,,530,,800,256,GDDR3
NVIDIA GeForce GT 335M,GT200,72,,450,,1066,128,"DDR3, GDDR3"
AMD Radeon HD 7500G + HD 7550M Dual Graphics,Terascale 3,736,,655 / 600,,1800,128,
AMD Radeon HD 7600G,Terascale 3,384,,320,424,,,
ATI Mobility Radeon HD 3870,RV6xx,320,,660,,850,256,GDDR3
AMD Radeon HD 6620G + HD 7450M Dual Graphics,Terascale 2,560,,400 / 700,,1800,,
AMD Radeon HD 6640G2,Terascale 2,560,,,,,,
ATI Mobility Radeon HD 5165,Terascale 1,320,,600,,900,128,(G)DDR3
ATI Mobility Radeon HD 560v,Terascale 1,320,,550,,800,128,"GDDR3, DDR3, DDR2"
ATI Mobility Radeon HD 4650,Terascale 1,320,,550,,800,128,"GDDR3, DDR2, DDR3"
NVIDIA GeForce Go 7950 GTX SLI,G7x,48,16,575,,700,256,GDDR3
NVIDIA GeForce Go 7900 GTX SLI,G7x,48,16,500,,600,256,GDDR3
NVIDIA GeForce GT 420M,Fermi,96,,500,,800,128,(G)DDR3
AMD Radeon HD 7530M,Terascale 2,400,,450,,1800,64,DDR3
ATI Mobility Radeon HD 3850,RV6xx,320,,580,,750,256,GDDR3
NVIDIA GeForce GT 330M,GT2xx,48,,575,,1066,128,"GDDR2, GDDR3, DDR3"
NVIDIA Quadro FX 880M,GT2xx,48,,550,,790,128,"GDDR3, DDR3"
NVIDIA Quadro NVS 5100M,GT2xx,48,,550,,800,128,DDR3
NVIDIA GeForce GT 240M,GT2xx,48,,550,,800,128,"DDR3, GDDR2, GDDR3"
AMD Radeon HD 7490M,Terascale 2,160,,800,,3800,64,GDDR5
Intel UHD Graphics 605,Gen. 9 Apollo Lake,18,,300,750,,64/128,DDR4 / LPDDR4
Intel HD Graphics 505,Gen. 9 Apollo Lake,18,,300,750,,64/128,(LP)DDR3(L) / LPDDR4
Intel HD Graphics 5300,Gen. 8 Broadwell,24,,100,900,,64/128,
AMD Radeon HD 7510M,Terascale 2,400,,450,,1600,64,DDR3
NVIDIA GeForce Go 7950 GTX,G7x,24,8,575,,700,256,GDDR3
NVIDIA Quadro FX 3500M,G7x,24,8,575,,700,256,GDDR3
NVIDIA GeForce 8700M GT SLI,G8x,64,,625,,800,128,GDDR3
NVIDIA GeForce 9700M GT,G9x,32,,625,,800,128,"GDDR2, GDDR3"
NVIDIA GeForce GT 230M,GT2xx,48,,500,,800,128,"GDDR2, GDDR3"
ATI Mobility Radeon HD 550v,Terascale 1,320,,450,,600,128,"GDDR3, DDR3, DDR2"
Intel HD Graphics 4000,Gen. 7 Ivy Bridge,16,,350,1350,,64/128,
AMD Radeon HD 6620G,Terascale 2,400,,400,,,,
AMD Radeon R4 (Stoney Ridge),GCN 1.2/2.0,192,,,600,,64,
AMD Radeon R5 (Beema/Carrizo-L),GCN 1.1,128,,,850,,64,
AMD Radeon R4 (Beema),GCN 1.1,128,,800,,,64,
AMD Radeon R4 (Kaveri),GCN 1.1,192,,533,,,64/128,
AMD Radeon R3 (Mullins/Beema),GCN 1.1,128,,350,686,,64,
AMD Radeon R2 (Stoney Ridge),GCN 1.2/2.0,128,,,600,,64,
Intel HD Graphics (Broadwell),Gen. 8 Broadwell,12,,100,850,,64/128,
Intel HD Graphics 4200,Gen. 7.5 Haswell,20,,200,850,,64/128,
Intel HD Graphics (Skylake),Gen. 9 Skylake,12,,300,800,,64/128,DDR3L/LPDDR3
AMD Radeon HD 6545G2,Terascale 2,480,,,,,,
AMD Radeon HD 6520G + HD 7450M Dual Graphics,Terascale 2,480,,400 / 700,,1800,64,
AMD Radeon HD 6540G2,Terascale 2,480,,,,,,
AMD Radeon HD 7500G,Terascale 3,256,,327,424,,,
AMD Radeon HD 6480G + HD 7450M Dual Graphics,Terascale 2,400,,593 / 700,,- / 1800,64,
AMD Radeon HD 6515G2,Terascale 2,400,,,,,,
AMD Radeon HD 8450G,Terascale 3,192,,533,720,,,
AMD Radeon HD 7470M,Terascale 2,160,,750 / 800,,3200 / 1800,64,DDR3/GDDR5
AMD Radeon HD 6490M,Terascale 2,160,,700 / 750 / 800,,800,64,DDR3/GDDR5
AMD Radeon HD 8410G,TeraScale 3,192,,450,600,,,
AMD Radeon HD 8400,GCN,128,,600,,,,
NVIDIA GeForce GT 520MX,Fermi,48,,900,,900,64,DDR3
AMD Radeon HD 7520G,Terascale 3,192,,497,686,,,
NVIDIA GeForce GT 325M,GT2xx,48,,450,,1066,128,"GDDR2, GDDR3, DDR3"
NVIDIA GeForce Go 7800 GTX SLI,G7x,48,16,440,,550,256,GDDR3
NVIDIA GeForce 8600M GT SLI,G8x,64,,475,,700,128,"GDDR3, GDDR2"
NVIDIA GeForce Go 7900 GS SLI,G7x,40,14,375,,500,256,GDDR3
NVIDIA GeForce GT 130M,G9x,32,,600,,1066,128,"GDDR2, GDDR3"
NVIDIA NVS 4200M,Fermi,48,,810,,800,64,DDR3
NVIDIA GeForce Go 7900 GTX,G7x,24,8,500,,600,256,GDDR3
NVIDIA Quadro FX 2500M,G7x,24,8,500,,600,256,GDDR3
AMD Radeon HD 8350G,Terascale 3,128,,514,720,,,
AMD Radeon HD 8330,GCN,128,,500,,,,
Intel UHD Graphics 600,Gen. 9 Gemini Lake,12,,300,700,,64/128,DDR4 / LPDDR4
Intel HD Graphics 500,Gen. 9 Apollo Lake,12,,300,700,,64/128,(LP)DDR3(L) / LPDDR4
NVIDIA GeForce 9650M GS,G8x,32,,625,,800,128,"GDDR2?, GDDR3"
NVIDIA GeForce 9650M GT,G9x,32,,550,,800,128,"GDDR2, GDDR3"
NVIDIA GeForce 8700M GT,G8x,32,,625,,800,128,GDDR3
NVIDIA Quadro FX 1700M,G9x,32,,625,,800,128,GDDR3
NVIDIA Quadro FX 1600M,G8x,32,,625,,800,128,GDDR3
NVIDIA GeForce Go 7800 GTX,G7x,24,8,440,,550,256,GDDR3
NVIDIA GeForce Go 7900 GS,G7x,20,7,375,,500,256,GDDR3
NVIDIA Quadro NVS 320M,G8x,32,,575,,700,128,"GDDR3, GDDR2"
NVIDIA Quadro FX 1500M,G7x,20,7,375,,500,256,GDDR3
NVIDIA GeForce 9600M GT,G9x,32,,500,,800,128,"GDDR2, GDDR3"
NVIDIA GeForce GT 220M,GT2xx,32,,500,,800,128,"GDDR2, GDDR3"
NVIDIA Quadro FX 770M,G9x,32,,500,,800,128,GDDR2 / GDDR3
NVIDIA GeForce GT 120M,G9x,32,,500,,1000,128,"GDDR2, GDDR3"
AMD Radeon HD 6510G2,Terascale 2,400,,,,,,
AMD Radeon HD 7450M,Terascale 2,160,,700,,1800,64,"DDR3, GDDR5"
NVIDIA GeForce 610M,Fermi,48,,672,900,1800,64,DDR3
NVIDIA GeForce 705M,Fermi,48,,775,,1800,64,DDR3
Intel HD Graphics 405 (Braswell),Gen. 8,16,,320,700,,64/128,
Intel HD Graphics (Braswell),Gen. 8,16,,320,700,,64/128,
Intel HD Graphics 400 (Braswell),Gen. 8,12,,320,640,,64/128,
AMD Radeon HD 6470M,Terascale 2,160,,700 / 750,,800,64,DDR3
AMD FirePro M3900,Terascale 2,160,,700,750,900,64,DDR3
NVIDIA GeForce GT 520M,Fermi,48,,740 / 600,,800 / 900,64 / 128,DDR3 (GDDR5)
AMD Radeon HD 7420G,Terascale 3,128,,480,655,,,
ATI Mobility Radeon HD 3670,RV6xx,120,,680,,800,128,DDR2/GDDR3/GDDR4
ATI Mobility FireGL V5725,RV6xx,120,,680,,800,128,
Intel HD Graphics (Haswell),Gen. 7.5 Haswell,10,,200,1000,,64/128,
AMD Radeon HD 6520G,Terascale 2,320,,400,,,,
AMD Radeon HD 8310G,TeraScale 3,128,,424,554,,,
NVIDIA GeForce 320M,GT2xx,32,,450,,,,
NVIDIA GeForce GT 320M,GT2xx,24,,500,,790,128,DDR3
ATI Mobility Radeon HD 2600 XT,RV6xx,120,,700,,750,128,"DDR2, GDDR3"
ATI Mobility Radeon X1900,,36,8,400,,470,256,DDR1/DDR2/GDDR3
ATI Mobility Radeon X1800XT,,16,8,550,,650,256,GDDR3
ATI Mobility Radeon X1800,,12,6,450,,500,256,GDDR3
NVIDIA GeForce Go 6800 Ultra,,12,5,450,,600,256,DDR3
NVIDIA GeForce Go 7800,G7x,16,6,400,,550,256,GDDR3
NVIDIA GeForce 9600M GS,G9x,32,,430,,800,128,"GDDR2, GDDR3"
NVIDIA GeForce 9500M GS,G8x,32,,475,,700,128,GDDR2 / GDDR3
AMD Radeon HD 7400G,Terascale 3,192,,327,423,,,
AMD Radeon HD 6480G,Terascale 2,240,,444,,,,
ATI Mobility Radeon HD 2700,RV6xx,120,,700,,700,128,"DDR2, GDDR3"
NVIDIA GeForce GT 415M,Fermi,48,,500,,800,128,(G)DDR3
NVIDIA GeForce 410M,Fermi,48,,575,,800,64,DDR3
AMD Radeon HD 7370M,Terascale 2,80,,750,,1600,64,DDR3
AMD Radeon R2 (Mullins/Beema/Carrizo-L),GCN 1.1,128,,300,600,,64,
AMD Radeon HD 6370M,Terascale 2,80,,750,,800,64,DDR3
AMD Radeon HD 8280,GCN,128,,450,,,,
ATI Mobility Radeon HD 5470,Terascale 2,80,,750,,1800,64,"DDR2, GDDR2, DDR3, GDDR3, GDDR5"
AMD Radeon HD 6450M,Terascale 2,160,,600,,800,64,DDR3
AMD Radeon HD 7430M,Terascale 2,160,,600,,1800,64,DDR3
ATI Mobility Radeon HD 3650,RV6xx,120,,600,,700,128,DDR2/GDDR3/GDDR4
ATI Mobility FireGL V5700,RV6xx,120,,600,,700,128,DDR2/GDDR3/GDDR4
ATI Mobility Radeon HD 5145,Terascale 1,80,,720,,900,64,"DDR3, GDDR3"
ATI Mobility Radeon HD 545v,Terascale 1,80,,720,,800,64,"GDDR3, DDR3, DDR2"
AMD Radeon HD 8240,GCN,128,,400,,,,
AMD Radeon R6 (Mullins),GCN 1.1,128,,500,,,64,
AMD Radeon HD 8250,GCN,128,,300,400,,,
Intel HD Graphics (Cherry Trail),Gen. 8,16,,200,600,,64/128,
ATI Mobility Radeon HD 4570,Terascale 1,80,,680,,800,64,"GDDR3, DDR2, DDR3"
NVIDIA Quadro FX 570M,G8x,32,,475,,700,128,GDDR3
ATI Mobility Radeon HD 5450,Terascale 2,80,,675,,800,64,DDR3
NVIDIA GeForce 8600M GT,G8x,32,,475,,700,128,"GDDR3, GDDR2"
ATI Mobility Radeon HD 2600,RV6xx,120,,500,,600,128,"DDR2, GDDR3"
Intel HD Graphics 3000,Gen. 6 Sandy Bridge,12,,350,1350,,64/128,
NVIDIA Quadro FX 380M,GT2xx,16,,625,,800,64,"GDDR3, DDR3"
NVIDIA GeForce 310M,GT2xx,16,,606 / 625,,800,64,"GDDR3, DDR3"
NVIDIA GeForce G210M,GT2xx,16,,625,,800,64,"GDDR2, GDDR3"
NVIDIA NVS 3100M,GT2xx,16,,600,,800,64,"GDDR3, DDR3"
NVIDIA GeForce 405M,GT2xx,16,,606,,1600,64,"GDDR3, DDR3"
NVIDIA GeForce 315M,GT2xx,16,,606,,790,64,"GDDR3, DDR3"
NVIDIA GeForce Go 7600 GT,,12,5,500,,600,128,"GDDR3, GDDR2, GDDR1"
NVIDIA GeForce 9500M G,G9x,16,,500,,800,128,"GDDR2, GDDR3"
NVIDIA GeForce 8600M GS,G8x,16,,600,,700,128,"GDDR3, GDDR2"
NVIDIA NVS 2100M,GT2xx,16,,535,,800,64,"GDDR3, DDR3"
NVIDIA GeForce Go 7700,,12,5,450,,500,128,"GDDR3, GDDR2, GDDR1"
NVIDIA GeForce Go 6800,,12,5,300,,300,128 / 256,
NVIDIA Quadro FX Go 1400,,12,5,330,,500,256,
ATI Mobility Radeon X800XT,,16,6,480,,550,256,
AMD Radeon HD 6430M,Terascale 2,160,,480,,800,64,DDR3
AMD Radeon HD 6380G,Terascale 2,160,,400,,,,
ATI Mobility Radeon HD 5430,Terascale 2,80,,550,,800,64,"DDR3, GDDR5?"
AMD Radeon HD 8210,GCN,128,,300,,,,
ATI Mobility Radeon HD 540v,Terascale 1,80,,550,,800,64,"GDDR3, DDR3, DDR2"
ATI Mobility Radeon HD 4550,Terascale 1,80,,550,,700,64,"GDDR3, DDR2, DDR3"
Intel HD Graphics 2500,Gen. 7 Ivy Bridge,6,,650,1150,,64/128,
Intel HD Graphics (Ivy Bridge),Gen. 7 Ivy Bridge,6,,350,1100,,64/128,
AMD Radeon HD 7350M,Terascale 2,80,,500,,1800,64,DDR3
AMD Radeon HD 6350M,Terascale 2,80,,500,,800-900,64,DDR3
ATI Mobility Radeon HD 4530,Terascale 1,80,,500,,700,64,"GDDR3, DDR2, DDR3"
ATI Mobility Radeon HD 4350,Terascale 1,80,,450,,600,64,"GDDR3, DDR2, DDR3"
ATI Mobility Radeon HD 530v,Terascale 1,80,,450,,600,64,"GDDR3, DDR3, DDR2"
NVIDIA GeForce 305M,GT2xx,16,,525,,700,64,"GDDR2, GDDR3, DDR2, DDR3"
ATI Mobility Radeon X1700,,12,5,475,,400,128,DDR/DDR2/GDDR3/GDDR4
ATI Mobility FireGL V5250,,12,5,400,,330,128,DDR/DDR2/GDDR3/GDDR4
ATI Mobility Radeon X2500,,12,5,460,,400,64 / 128,DDR2
NVIDIA GeForce Go 7600,,8,5,450,,350,128 / 64,"GDDR3, GDDR2, GDDR1"
NVIDIA Quadro NVS 300M,,8,5,450,,500,128,GDDR3
ATI Mobility Radeon X800,,12,6,400,,350,128 / 256,"GDDR2, GDDR3"
ATI Mobility Radeon X1600,,12,5,450,,470,128,DDR/DDR2/GDDR3
ATI Mobility FireGL V5200,,12,5,425,,475,128,DDR/DDR2/GDDR3
ATI Mobility Radeon 9800,,8,4,350,,300,256,DDR2 / DDR3
NVIDIA GeForce Go 6600,,8,4,375,,300,128,GDDR2
ATI Mobility Radeon X1450,,4,2,550,,450,128,DDR1/DDR2/DDR3
ATI Mobility Radeon X700,,8,6,350,,350,128,DDR/DDR2
ATI Mobility FireGL V5000,,8,6,350,,350,128,GDDR3
NVIDIA GeForce G 110M,G9x,16,,400,,700,64,"GDDR2, GDDR3"
AMD Radeon HD 6330M,Terascale 2,80,,500,,800,64,DDR3
ATI Mobility Radeon HD 4330,Terascale 1,80,,450,,600,64,"GDDR3, DDR2, DDR3"
NVIDIA GeForce 8400M GT,,16,,450,,600,128,GDDR3 / GDDR2
NVIDIA Quadro NVS 140M,,16,,400,,700,64,"GDDR3, GDDR2"
Intel HD Graphics 2000,Gen. 6 Sandy Bridge,6,,850/1100,1350,,64/128,
NVIDIA GeForce G 107M,G9x,16,,,,,,
NVIDIA GeForce G 105M,G9x,8,,640,,700,64,"GDDR2, GDDR3"
NVIDIA GeForce G 103M,G9x,8,,640,,500,64,DDR2
NVIDIA GeForce 9500M GE,,24,,,,,64,"GDDR2, GDDR3"
NVIDIA GeForce G 102M,G9x,16,,450,,,,"DDR2, DDR3"
NVIDIA GeForce G 205M,G9x,16,,450,,,,
NVIDIA GeForce 9400M (G) / ION (LE),,16,,450,,,,
Intel HD Graphics (Sandy Bridge),Gen. 6 Sandy Bridge,6,,350,1100,,64/128,
Intel HD Graphics (Bay Trail),Gen. 7 Ivy Bridge,4,,311,896,,32/64/128,
VIA Chrome9HD,,,,,,,,
AMD Radeon HD 7340,Terascale 2,80,,523,680,,,
AMD Radeon HD 6320,Terascale 2,80,,500,600,,,
AMD Radeon HD 7310,Terascale 2,80,,500,,,,
AMD Radeon HD 6310,Terascale 2,80,,500,,,,
AMD Radeon HD 8180,GCN,128,,225,,,,
ATI Mobility Radeon HD 3470 Hybrid X2,RV6xx,80,,,,,,DDR2/GDDR3
NVIDIA GeForce 9400M GeForceBoost,,24,,,,,64,
ATI Mobility Radeon HD 3470,RV6xx,40,,680,,800,64,DDR2/GDDR3
NVIDIA GeForce 9300M G,,16,,400,,600,64,GDDR2 / GDDR3
NVIDIA ION 2,GT2xx,16,,405 / 475 / 535,,790,64,"DDR2, DDR3"
NVIDIA GeForce 9300M GS,,8,,550,,700,64,"GDDR2, GDDR3"
NVIDIA Quadro FX 370M,,8,,580,,700,64,"GDDR2, GDDR3"
NVIDIA Quadro NVS 160M,,8,,580,,700,64,"GDDR2, GDDR3"
NVIDIA GeForce 9200M GS,,8,,550,,700,64,"GDDR2, GDDR3"
AMD Radeon HD 7290,Terascale 2,80,,280,400,,,
AMD Radeon HD 6290,Terascale 2,80,,280,400,,,
ATI Mobility Radeon HD 3450,RV6xx,40,,500,,700,64,DDR2/GDDR3
ATI Mobility Radeon HD 3430,RV6xx,40,,450,,700,64,GDDR2
ATI Mobility Radeon HD 3410,RV6xx,40,,400,,700,64,GDDR2
ATI Mobility Radeon HD 2400 XT,RV6xx,40,,600,,700,64,"DDR2, GDDR3"
ATI Radeon HD 4270,RV6xx,40,,590,,,,
ATI Radeon HD 4250,RV6xx,40,,500,,,,
ATI Radeon HD 4200,RV6xx,40,,500,,,,
Intel Graphics Media Accelerator (GMA) HD Graphics,Gen. 5 Arrandale,12,,500,,,,
AMD Radeon HD 6250,Terascale 2,80,,280,,,,
NVIDIA Quadro NVS 150M,,8,,530,,700,64,"GDDR2, GDDR3"
NVIDIA Quadro FX 360M,,16,,400,,600,64,GDDR3
ATI Mobility Radeon X1350,,4,2,470,,350,128,DDR1/DDR2/GDDR3
ATI Mobility Radeon X1400,,4,2,445,,250,128,DDR1/DDR2/GDDR3
NVIDIA GeForce 9100M G,,8,,450,,,,
NVIDIA GeForce 8400M GS,,16,,400,,600,64,GDDR2 / GDDR3
NVIDIA Quadro NVS 135M,,16,,400,,600,64,"GDDR3, GDDR2"
ATI Mobility Radeon HD 2400,RV6xx,40,,450,,500,64,"DDR2, GDDR3"
ATI Radeon HD 3200,RV6xx,40,,500,,,,
ATI Radeon HD 4225,RV6xx,40,,380,,,,
ATI Radeon HD 4100,RV6xx,40,,350,,,,
ATI Mobility Radeon HD 3400,RV6xx,0,,,,,,
ATI Radeon HD 3100,RV6xx,40,,350,,,,
NVIDIA GeForce 8400M G,,8,,400,,600,64,GDDR3 / GDDR2
NVIDIA Quadro NVS 130M,,8,,,,700,64,"GDDR3, GDDR2"
NVIDIA GeForce 8200M G,,8,,400,,,,
Intel Graphics Media Accelerator (GMA) 4700MHD,Gen. 4.5,10,,640,,,0,
Intel Graphics Media Accelerator (GMA) 4500MHD,Gen. 4.5,10,,533,,,0,
Intel Graphics Media Accelerator (GMA) 4500M,Gen. 4.5,10,,400,,,,
NVIDIA GeForce Go 7400,,4,3,450,,450,64 / 32,DDR3
NVIDIA Quadro FX 350M,,4,3,450,,350,64,DDR-3
NVIDIA Quadro NVS 120M,,4,3,450,,700,64,DDR-3
NVIDIA GeForce Go 7300,,4,3,350,,700,64,DDR-3
NVIDIA Quadro NVS 110M,,4,3,300,,600,64,DDR-3
ATI Mobility Radeon X600,,4,2,400,,250,128,DDR/DDR2
ATI Mobility FireGL V3200,,4,2,400,,,128,DDR/DDR2
ATI Mobility FireGL V3100,,4,2,350,,200,128,DDR/DDR2
ATI Mobility Radeon X2300,,4,2,480,,400,128,DDR1/DDR2/GDDR3
ATI Mobility Radeon HD 2300,RV5xx,4,2,480,,400,128,DDR1/DDR2/GDDR3
ATI Mobility Radeon 9700,,4,2,450,,275,128 / 64,DDR
ATI Mobility FireGL T2e,,4,2,450,,260,128,
ATI Mobility Radeon X1300,,4,2,350,,250,128,DDR1/DDR2/GDDR3
NVIDIA GeForce4 4200 Go,,4,2,200,,200,128,DDR
ATI Mobility Radeon 9600,,4,2,300,,300,128 / 64,DDR
ATI Mobility FireGL T2,,4,2,300,,200,128,
ATI Mobility Radeon 9550,,4,2,210,,183,64,DDR
NVIDIA GeForce Go 7200,,4,3,450,,350,32,DDR-3
NVIDIA GeForce Go 6400,,4,3,400,,350,64,DDR
ATI Mobility Radeon X300,,4,2,350,,250,64,DDR/DDR2
NVIDIA GeForce Go 6250,,4,3,400,,350,64,DDR
NVIDIA GeForce Go 6200,,4,3,300,,300,64,DDR
NVIDIA GeForce FX Go 5700,,4,0,450,,275,128,DDR
NVIDIA Quadro FX Go 1000,,4,0,,,,128,
NVIDIA GeForce FX Go 5600 / 5650,,4,1,350,,300,128,DDR
ATI Radeon Xpress X1270,,4,0,400,,,,
ATI Radeon Xpress X1250,,4,0,350,,,,
ATI Radeon Xpress 1250,,4,0,400,,,,
ATI Radeon Xpress X1200,,4,0,350,,0,,
Intel Graphics Media Accelerator (GMA) X3100,Gen. 4,8,,500,,,0,
Intel Graphics Media Accelerator (GMA) 3650,PowerVR SGX5,4,0,640,,,,
NVIDIA GeForce 7190M,,2,1,,,,,shared Memory
NVIDIA GeForce 7150M,,2,1,425,,,,shared Memory
ATI Radeon Xpress 1150,,2,2,400,,0,0,shared Memory
NVIDIA GeForce Go 6150,,2,1,425,,0,0,shared Memory
NVIDIA GeForce Go 6100,,2,1,425,,0,0,shared Memory
NVIDIA GeForce 7000M,,2,1,350,,0,0,shared Memory
Intel Graphics Media Accelerator (GMA) 3600,PowerVR SGX5,4,0,400,,,,
ATI Mobility Radeon 9200,,4,1,250,,200,128,DDR
ATI Mobility FireGL 9000,,4,1,250,,200,128,DDR
NVIDIA GeForce FX Go 5200,,4,1,300,,300,128,DDR
ATI Mobility Radeon 9000,,4,1,240,,200,128,DDR
NVIDIA GeForce 4 488 Go,,2,0,275,,275,32,DDR
NVIDIA GeForce 4 460 Go,,2,0,250,,250,32,DDR
NVIDIA GeForce 4 440 Go,,2,0,220,,220,32,DDR
NVIDIA GeForce 4 420 Go,,2,0,190,,200,32,DDR
Intel Graphics Media Accelerator (GMA) 3150,Gen. 4,2,0,200,,,,
Intel Graphics Media Accelerator (GMA) 950,Gen. 3,4,0,250,,0,0,
ATI Mobility Radeon 7500,,2,0,280,,200,64 / 128,DDR
ATI Mobility FireGL 7800,,2,0,280,,200,64 / 128,DDR
Intel Graphics Media Accelerator (GMA) 900,Gen. 3,4,0,400,,0,0,
ATI Radeon Xpress 200M,,4,2,350,,0,0,
ATI Radeon Xpress 1100,,4,2,300,,,0,shared Memory
SIS Mirage 3+ 672MX,,2,1,250,,,,
SIS Mirage 3 671MX,,2,1,250,,,,
Intel Graphics Media Accelerator (GMA) 600,PowerVR SGX5,4,,400,,,,
Intel Graphics Media Accelerator (GMA) 500,PowerVR SGX5,4,,200,,,,
NVIDIA GeForce 3 Go,,,,250,,,32 / 64 / 128,DDR
NVIDIA GeForce 2 Go (200 / 100),,1,0,166,,143,32 / 64,DDR
ATI Mobility Radeon 9100 IGP,,2,1,400,,,,
ATI Mobility Radeon 9000 IGP,,2,1,300,,0,0,
ATI Mobility Radeon M7,,2,1,230,,183,64,DDR
ATI Mobility Radeon M6,,0,2,166,,166,32,DDR
VIA Chrome9 HC,,2,1,250,,,,onboard
Intel Extreme Graphics 2,Gen. 2,,,133,,,0,
ATI Mobility Radeon 7000 IGP,,0,2,,,,0,
ATI Radeon IGP 340M,,0,2,180,,,0,
ATI Radeon IGP 320M,,0,2,160,,,0,
VIA S3G UniChrome Pro II,,,,200,,,0,
VIA S3G UniChrome Pro,,1,2,,,,0,
VIA Castle Rock,,1,2,,,,,
SIS Mirage 2 M760,,4,1,200,,,,
SIS Mirage M661FX,,,,133,,,,
VIA S3 Graphics ProSavage8,,0,0,121,,,,
ATI Mobility 128 M3,,0,0,105,,105,64,DDR
Silicon Motion SM502,,,,,,,,
unknown,,,,,,,,
